"Catalog","OSDVersion","OSDStatus","UpdateOS","UpdateBuild","UpdateArch","UpdateGroup","CreationDate","KBNumber","FileKBNumber","Title","UpdateId","LegacyName","Type","FileName","Size","CompanyTitles","ProductFamilyTitles","Category","UpdateClassificationTitle","MsrcSeverity","SecurityBulletins","UpdateType","PublicationState","HasLicenseAgreement","RequiresLicenseAgreementAcceptance","State","IsLatestRevision","HasEarlierRevision","IsBeta","HasStaleUpdateApprovals","IsApproved","IsDeclined","HasSupersededUpdates","IsSuperseded","IsWsusInfrastructureUpdate","IsEditable","UpdateSource","AdditionalInformationUrls","Description","ReleaseNotes","FileUri","OriginUri","Hash","AdditionalHash","OSDCore","OSDWinPE","OSDGuid","PartitionKey","RowKey"
"Windows 10 1809","23.12.18.1","","Windows 10","1809","x86","DotNetCU","7/14/2020 5:00:00 PM","4566516","4565625","2020-07 Cumulative Update for .NET Framework 3.5 4.7.2 and 4.8 for Windows 10 Version 1809 (KB4566516)","e066bcf5-b5f7-4986-b929-c56d5f3e96df","KB4566516-DOTNET-X86-TSL","SelfContained","windows10.0-kb4565625-x86.cab","42622696","Microsoft","Windows","Windows 10 Windows 10 LTSB","Security Updates","Critical","","Software","Published","False","False","Ready","True","False","False","False","False","False","True","False","False","False","MicrosoftUpdate","http://support.microsoft.com/kb/4566516","A security issue has been identified in a Microsoft software product that could affect your system. You can help protect your system by installing this update from Microsoft. For a complete listing of the issues that are included in this update, see the associated Microsoft Knowledge Base article. After you install this update, you may have to restart your system.","","http://download.windowsupdate.com/c/msdownload/update/software/secu/2020/06/windows10.0-kb4565625-x86_2792b471176e6f559b93b79afb13efb4981cc9b3.cab","http://download.windowsupdate.com/c/msdownload/update/software/secu/2020/06/windows10.0-kb4565625-x86_2792b471176e6f559b93b79afb13efb4981cc9b3.cab","39 146 180 113 23 110 111 85 155 147 183 154 251 19 239 180 152 28 201 179","174 149 66 112 3 7 12 182 247 175 161 73 166 17 49 149 79 190 5 91 182 132 223 177 40 127 197 94 160 183 232 9","","","3857ab89-8c89-4909-9b42-4361fee82efc","Windows 10 1809","3857ab89-8c89-4909-9b42-4361fee82efc"
"Windows 10 1809","23.12.18.1","","Windows 10","1809","x86","DotNetCU","7/14/2020 5:00:00 PM","4566516","4565632","2020-07 Cumulative Update for .NET Framework 3.5 4.7.2 and 4.8 for Windows 10 Version 1809 (KB4566516)","e066bcf5-b5f7-4986-b929-c56d5f3e96df","KB4566516-DOTNET-X86-TSL","SelfContained","windows10.0-kb4565632-x86-ndp48.cab","44979705","Microsoft","Windows","Windows 10 Windows 10 LTSB","Security Updates","Critical","","Software","Published","False","False","Ready","True","False","False","False","False","False","True","False","False","False","MicrosoftUpdate","http://support.microsoft.com/kb/4566516","A security issue has been identified in a Microsoft software product that could affect your system. You can help protect your system by installing this update from Microsoft. For a complete listing of the issues that are included in this update, see the associated Microsoft Knowledge Base article. After you install this update, you may have to restart your system.","","http://download.windowsupdate.com/c/msdownload/update/software/secu/2020/06/windows10.0-kb4565632-x86-ndp48_07d3eb007eb35cf3a3e4ef0973466d319cac2418.cab","http://download.windowsupdate.com/c/msdownload/update/software/secu/2020/06/windows10.0-kb4565632-x86-ndp48_07d3eb007eb35cf3a3e4ef0973466d319cac2418.cab","7 211 235 0 126 179 92 243 163 228 239 9 115 70 109 49 156 172 36 24","169 20 221 205 114 255 47 96 193 66 249 94 94 66 129 111 223 198 135 186 216 59 125 144 28 160 72 40 213 143 105 140","","","c5e1b9d5-f700-4939-aee4-ef802406b776","Windows 10 1809","c5e1b9d5-f700-4939-aee4-ef802406b776"
"Windows 10 1809","23.12.18.1","","Windows 10","1809","x64","DotNetCU","7/14/2020 5:00:00 PM","4566516","4565632","2020-07 Cumulative Update for .NET Framework 3.5 4.7.2 and 4.8 for Windows 10 Version 1809 for x64 (KB4566516)","89dd22e5-32f1-485b-a5b3-4bfb5b1a8706","KB4566516-DOTNET-X64-TSL","SelfContained","windows10.0-kb4565632-x64-ndp48.cab","78900608","Microsoft","Windows","Windows 10 Windows 10 LTSB","Security Updates","Critical","","Software","Published","False","False","Ready","True","False","False","False","False","False","True","False","False","False","MicrosoftUpdate","http://support.microsoft.com/kb/4566516","A security issue has been identified in a Microsoft software product that could affect your system. You can help protect your system by installing this update from Microsoft. For a complete listing of the issues that are included in this update, see the associated Microsoft Knowledge Base article. After you install this update, you may have to restart your system.","","http://download.windowsupdate.com/c/msdownload/update/software/secu/2020/06/windows10.0-kb4565632-x64-ndp48_8b481763cf07efc55f729bb1e08dc9fe32d3237a.cab","http://download.windowsupdate.com/c/msdownload/update/software/secu/2020/06/windows10.0-kb4565632-x64-ndp48_8b481763cf07efc55f729bb1e08dc9fe32d3237a.cab","139 72 23 99 207 7 239 197 95 114 155 177 224 141 201 254 50 211 35 122","248 209 131 122 191 116 18 68 120 3 17 202 39 0 168 126 48 181 234 85 150 50 60 116 44 130 247 195 90 201 181 212","","","d33279eb-4bb5-44e4-810a-724b26e23e41","Windows 10 1809","d33279eb-4bb5-44e4-810a-724b26e23e41"
"Windows 10 1809","23.12.18.1","","Windows 10","1809","x64","DotNetCU","7/14/2020 5:00:00 PM","4566516","4565625","2020-07 Cumulative Update for .NET Framework 3.5 4.7.2 and 4.8 for Windows 10 Version 1809 for x64 (KB4566516)","89dd22e5-32f1-485b-a5b3-4bfb5b1a8706","KB4566516-DOTNET-X64-TSL","SelfContained","windows10.0-kb4565625-x64.cab","76406505","Microsoft","Windows","Windows 10 Windows 10 LTSB","Security Updates","Critical","","Software","Published","False","False","Ready","True","False","False","False","False","False","True","False","False","False","MicrosoftUpdate","http://support.microsoft.com/kb/4566516","A security issue has been identified in a Microsoft software product that could affect your system. You can help protect your system by installing this update from Microsoft. For a complete listing of the issues that are included in this update, see the associated Microsoft Knowledge Base article. After you install this update, you may have to restart your system.","","http://download.windowsupdate.com/c/msdownload/update/software/secu/2020/06/windows10.0-kb4565625-x64_0030dee25072b20025ebb9c4f31844a0cd8bb26f.cab","http://download.windowsupdate.com/c/msdownload/update/software/secu/2020/06/windows10.0-kb4565625-x64_0030dee25072b20025ebb9c4f31844a0cd8bb26f.cab","0 48 222 226 80 114 178 0 37 235 185 196 243 24 68 160 205 139 178 111","31 136 25 46 140 123 129 158 83 97 57 25 6 17 25 246 177 60 9 75 70 95 29 237 104 123 163 130 173 202 149 127","","","b2459a6e-2751-4693-bd2b-f4e86a27f273","Windows 10 1809","b2459a6e-2751-4693-bd2b-f4e86a27f273"
"Windows 10 1809","23.12.18.1","","Windows 10","1809","x86","DotNetCU","8/11/2020 5:00:00 PM","4570505","4569750","2020-08 Cumulative Update for .NET Framework 3.5 4.7.2 and 4.8 for Windows 10 Version 1809 (KB4570505)","0f0290a1-04b8-496f-ae40-2cb1c8f85c8d","KB4570505-DOTNET-X86-TSL","SelfContained","windows10.0-kb4569750-x86-ndp48.cab","47172775","Microsoft","Windows","Windows 10 Windows 10 LTSB","Security Updates","Critical","","Software","Published","False","False","Ready","True","False","False","False","False","False","False","False","False","False","MicrosoftUpdate","http://support.microsoft.com/kb/4570505","A security issue has been identified in a Microsoft software product that could affect your system. You can help protect your system by installing this update from Microsoft. For a complete listing of the issues that are included in this update, see the associated Microsoft Knowledge Base article. After you install this update, you may have to restart your system.","","http://download.windowsupdate.com/c/msdownload/update/software/secu/2020/07/windows10.0-kb4569750-x86-ndp48_407e71be332171811d637e9c7cedb5982f4ef265.cab","http://download.windowsupdate.com/c/msdownload/update/software/secu/2020/07/windows10.0-kb4569750-x86-ndp48_407e71be332171811d637e9c7cedb5982f4ef265.cab","64 126 113 190 51 33 113 129 29 99 126 156 124 237 181 152 47 78 242 101","184 156 248 248 235 255 62 207 34 248 114 151 73 10 111 183 180 47 83 189 230 3 65 176 232 179 220 159 45 167 104 172","","","9ed2235e-a3e5-4501-b080-194dc6d02da2","Windows 10 1809","9ed2235e-a3e5-4501-b080-194dc6d02da2"
"Windows 10 1809","23.12.18.1","","Windows 10","1809","x86","DotNetCU","8/11/2020 5:00:00 PM","4570505","4569776","2020-08 Cumulative Update for .NET Framework 3.5 4.7.2 and 4.8 for Windows 10 Version 1809 (KB4570505)","0f0290a1-04b8-496f-ae40-2cb1c8f85c8d","KB4570505-DOTNET-X86-TSL","SelfContained","windows10.0-kb4569776-x86.cab","44122065","Microsoft","Windows","Windows 10 Windows 10 LTSB","Security Updates","Critical","","Software","Published","False","False","Ready","True","False","False","False","False","False","False","False","False","False","MicrosoftUpdate","http://support.microsoft.com/kb/4570505","A security issue has been identified in a Microsoft software product that could affect your system. You can help protect your system by installing this update from Microsoft. For a complete listing of the issues that are included in this update, see the associated Microsoft Knowledge Base article. After you install this update, you may have to restart your system.","","http://download.windowsupdate.com/c/msdownload/update/software/secu/2020/07/windows10.0-kb4569776-x86_c5c5a959389dfc9b8d23b03e075c04a19597ee61.cab","http://download.windowsupdate.com/c/msdownload/update/software/secu/2020/07/windows10.0-kb4569776-x86_c5c5a959389dfc9b8d23b03e075c04a19597ee61.cab","197 197 169 89 56 157 252 155 141 35 176 62 7 92 4 161 149 151 238 97","217 63 68 167 238 224 220 25 208 189 218 159 102 168 90 241 172 36 249 247 62 152 42 158 233 118 18 201 114 76 209 96","","","8ec0ba61-9adc-4ec2-92fb-dc93afe5bc59","Windows 10 1809","8ec0ba61-9adc-4ec2-92fb-dc93afe5bc59"
"Windows 10 1809","23.12.18.1","","Windows 10","1809","x64","DotNetCU","8/11/2020 5:00:00 PM","4570505","4569776","2020-08 Cumulative Update for .NET Framework 3.5 4.7.2 and 4.8 for Windows 10 Version 1809 for x64 (KB4570505)","e3b267da-2c82-45d1-a70a-32695a4a2c9d","KB4570505-DOTNET-X64-TSL","SelfContained","windows10.0-kb4569776-x64.cab","78431582","Microsoft","Windows","Windows 10 Windows 10 LTSB","Security Updates","Critical","","Software","Published","False","False","Ready","True","False","False","False","False","False","False","False","False","False","MicrosoftUpdate","http://support.microsoft.com/kb/4570505","A security issue has been identified in a Microsoft software product that could affect your system. You can help protect your system by installing this update from Microsoft. For a complete listing of the issues that are included in this update, see the associated Microsoft Knowledge Base article. After you install this update, you may have to restart your system.","","http://download.windowsupdate.com/c/msdownload/update/software/secu/2020/07/windows10.0-kb4569776-x64_3ea94342674c03a8316ebfe073b8f24816699cc5.cab","http://download.windowsupdate.com/c/msdownload/update/software/secu/2020/07/windows10.0-kb4569776-x64_3ea94342674c03a8316ebfe073b8f24816699cc5.cab","62 169 67 66 103 76 3 168 49 110 191 224 115 184 242 72 22 105 156 197","42 181 73 131 65 87 214 81 21 205 254 25 54 177 40 147 138 180 17 126 131 145 239 238 70 151 9 235 41 69 105 74","","","e040787c-dcf6-4e57-b06b-80bc41b70bca","Windows 10 1809","e040787c-dcf6-4e57-b06b-80bc41b70bca"
"Windows 10 1809","23.12.18.1","","Windows 10","1809","x64","DotNetCU","8/11/2020 5:00:00 PM","4570505","4569750","2020-08 Cumulative Update for .NET Framework 3.5 4.7.2 and 4.8 for Windows 10 Version 1809 for x64 (KB4570505)","e3b267da-2c82-45d1-a70a-32695a4a2c9d","KB4570505-DOTNET-X64-TSL","SelfContained","windows10.0-kb4569750-x64-ndp48.cab","81931290","Microsoft","Windows","Windows 10 Windows 10 LTSB","Security Updates","Critical","","Software","Published","False","False","Ready","True","False","False","False","False","False","False","False","False","False","MicrosoftUpdate","http://support.microsoft.com/kb/4570505","A security issue has been identified in a Microsoft software product that could affect your system. You can help protect your system by installing this update from Microsoft. For a complete listing of the issues that are included in this update, see the associated Microsoft Knowledge Base article. After you install this update, you may have to restart your system.","","http://download.windowsupdate.com/c/msdownload/update/software/secu/2020/07/windows10.0-kb4569750-x64-ndp48_0dd3093f3f40487ea43b5e4d0016798e6e7d8f7a.cab","http://download.windowsupdate.com/c/msdownload/update/software/secu/2020/07/windows10.0-kb4569750-x64-ndp48_0dd3093f3f40487ea43b5e4d0016798e6e7d8f7a.cab","13 211 9 63 63 64 72 126 164 59 94 77 0 22 121 142 110 125 143 122","1 19 206 233 42 150 232 36 41 244 198 65 102 199 85 98 128 156 33 157 143 250 13 59 233 1 198 82 80 251 243 170","","","5d84c6bf-90c8-4158-a19c-18c952527f4e","Windows 10 1809","5d84c6bf-90c8-4158-a19c-18c952527f4e"
"Windows 10 1809","23.12.18.1","","Windows 10","1809","x64","Optional","10/29/2020 9:00:06 PM","4584642","4584642","The new Microsoft Edge for Windows 10 Version 1809 for x64-based Systems (KB4584642)","11367b68-91e2-4efb-8e2e-abd9b063b689","KB4584642-Windows10Rs5Client-RTM-EdgeStable-X64-TSL-World","SelfContained","Windows10.0-KB4584642-x64.cab","90948777","Microsoft","Windows","Microsoft Edge Windows 10 Windows 10 LTSB","Updates","Unspecified","","Software","Published","False","False","Ready","True","False","False","False","False","False","False","False","False","False","MicrosoftUpdate","https://support.microsoft.com/help/4584642","Install this update to upgrade devices from Microsoft Edge legacy to the new Microsoft Edge, which is based on the Chromium open source engine. For more details about the new Microsoft Edge, please see the associated Microsoft Knowledge Base (KB) article. After you install this update, the changes will not take effect until a reboot occurs.","","http://download.windowsupdate.com/c/msdownload/update/software/updt/2020/10/windows10.0-kb4584642-x64_c609a7b997ae72841a11ec79d07b5eaebdf55c86.cab","http://download.windowsupdate.com/c/msdownload/update/software/updt/2020/10/windows10.0-kb4584642-x64_c609a7b997ae72841a11ec79d07b5eaebdf55c86.cab","198 9 167 185 151 174 114 132 26 17 236 121 208 123 94 174 189 245 92 134","48 83 2 120 163 102 188 26 175 185 85 157 25 148 250 232 2 173 28 11 183 56 133 236 89 25 97 249 132 251 235 242","","","5a995327-01db-47dc-886e-6db43ac7e83b","Windows 10 1809","5a995327-01db-47dc-886e-6db43ac7e83b"
"Windows 10 1809","23.12.18.1","","Windows 10","1809","x86","Optional","10/29/2020 9:00:06 PM","4584642","4584642","The new Microsoft Edge for Windows 10 Version 1809 for x86-based Systems (KB4584642)","3e9ea598-c422-4839-99fa-6a837be384c7","KB4584642-Windows10Rs5Client-RTM-EdgeStable-X86-TSL-World","SelfContained","Windows10.0-KB4584642-x86.cab","84252369","Microsoft","Windows","Microsoft Edge Windows 10 Windows 10 LTSB","Updates","Unspecified","","Software","Published","False","False","Ready","True","False","False","False","False","False","False","False","False","False","MicrosoftUpdate","https://support.microsoft.com/help/4584642","Install this update to upgrade devices from Microsoft Edge legacy to the new Microsoft Edge, which is based on the Chromium open source engine. For more details about the new Microsoft Edge, please see the associated Microsoft Knowledge Base (KB) article. After you install this update, the changes will not take effect until a reboot occurs.","","http://download.windowsupdate.com/c/msdownload/update/software/updt/2020/10/windows10.0-kb4584642-x86_62d9d5899effdb49887f3024a2aa8d6c25bcc390.cab","http://download.windowsupdate.com/c/msdownload/update/software/updt/2020/10/windows10.0-kb4584642-x86_62d9d5899effdb49887f3024a2aa8d6c25bcc390.cab","98 217 213 137 158 255 219 73 136 127 48 36 162 170 141 108 37 188 195 144","139 106 20 245 199 253 2 241 187 227 124 58 161 105 232 180 238 179 168 84 133 128 244 231 70 157 86 113 16 25 110 46","","","5dab1d31-639b-45ac-b81c-a01c78a16142","Windows 10 1809","5dab1d31-639b-45ac-b81c-a01c78a16142"
"Windows 10 1809","23.12.18.1","","Windows 10","1809","x86","AdobeSU","2/16/2021 10:00:08 PM","4577586","4577586","Update for Removal of Adobe Flash Player for Windows 10 Version 1809 for x86-based systems (KB4577586)","3cdd02ca-78d3-40bb-b327-cda542c15402","KB4577586-Windows10Rs5Client-RTM-X86-TSL-World","SelfContained","Windows10.0-KB4577586-x86.cab","18754","Microsoft","Windows","Windows 10 Windows 10 LTSB","Updates","Unspecified","","Software","Published","False","False","Ready","True","False","False","False","False","False","False","False","False","False","MicrosoftUpdate","https://support.microsoft.com/help/4577586","This update will remove Adobe Flash Player from your Windows machine. After you install this item, you may have to restart your computer.","","http://download.windowsupdate.com/d/msdownload/update/software/updt/2020/10/windows10.0-kb4577586-x86_6afb54e08551397a9c645745e750f69789c73be4.cab","http://download.windowsupdate.com/d/msdownload/update/software/updt/2020/10/windows10.0-kb4577586-x86_6afb54e08551397a9c645745e750f69789c73be4.cab","106 251 84 224 133 81 57 122 156 100 87 69 231 80 246 151 137 199 59 228","74 36 58 233 130 99 198 231 14 54 189 255 248 189 28 108 223 223 94 125 172 96 8 89 246 144 161 126 29 243 57 203","","","d09e3c82-a303-4b41-8e92-29e1eb7ec6e1","Windows 10 1809","d09e3c82-a303-4b41-8e92-29e1eb7ec6e1"
"Windows 10 1809","23.12.18.1","","Windows 10","1809","x64","AdobeSU","2/16/2021 10:00:09 PM","4577586","4577586","Update for Removal of Adobe Flash Player for Windows 10 Version 1809 for x64-based systems (KB4577586)","04d7ef23-4f5f-48fb-bace-84b116741f7e","KB4577586-Windows10Rs5Client-RTM-X64-TSL-World","SelfContained","Windows10.0-KB4577586-x64.cab","21455","Microsoft","Windows","Windows 10 Windows 10 LTSB","Updates","Unspecified","","Software","Published","False","False","Ready","True","False","False","False","False","False","False","False","False","False","MicrosoftUpdate","https://support.microsoft.com/help/4577586","This update will remove Adobe Flash Player from your Windows machine. After you install this item, you may have to restart your computer.","","http://download.windowsupdate.com/c/msdownload/update/software/updt/2020/10/windows10.0-kb4577586-x64_06ebe9335c8e417e086810e04b1ddc89cb427d03.cab","http://download.windowsupdate.com/c/msdownload/update/software/updt/2020/10/windows10.0-kb4577586-x64_06ebe9335c8e417e086810e04b1ddc89cb427d03.cab","6 235 233 51 92 142 65 126 8 104 16 224 75 29 220 137 203 66 125 3","36 175 130 122 106 30 54 233 209 228 74 175 156 209 195 249 9 22 61 188 214 10 148 135 6 93 129 180 2 208 220 239","","","8a7d550d-eb0d-4bb6-b9cc-d510c126f679","Windows 10 1809","8a7d550d-eb0d-4bb6-b9cc-d510c126f679"
"Windows 10 1809","23.12.18.1","","Windows 10","1809","x64","Optional","3/9/2021 10:02:06 PM","4589208","4589208","2021-01 Update for Windows 10 Version 1809 for x64-based Systems (KB4589208)","12dcb93c-7903-4b04-aa66-5ffc16156e15","KB4589208-Windows10Rs5Client-RTM-X64-TSL-World","SelfContained","Windows10.0-KB4589208-v2-x64.cab","3276052","Microsoft","Windows","Windows 10 Windows 10 LTSB","Updates","Unspecified","","Software","Published","False","False","Ready","True","False","False","False","False","False","True","False","False","False","MicrosoftUpdate","https://support.microsoft.com/help/4589208","Install this update to resolve issues in Windows. For a complete listing of the issues that are included in this update, see the associated Microsoft Knowledge Base article for more information. After you install this item, you may have to restart your computer.","","http://download.windowsupdate.com/c/msdownload/update/software/updt/2021/01/windows10.0-kb4589208-v2-x64_c7af21cdf923f050a3dc8e7924c0245ee651da56.cab","http://download.windowsupdate.com/c/msdownload/update/software/updt/2021/01/windows10.0-kb4589208-v2-x64_c7af21cdf923f050a3dc8e7924c0245ee651da56.cab","199 175 33 205 249 35 240 80 163 220 142 121 36 192 36 94 230 81 218 86","217 189 65 111 62 143 225 98 110 151 201 160 199 1 139 137 234 45 251 203 67 104 212 255 37 228 44 252 111 222 188 135","","","662d7739-9efe-435e-8a55-c3a76db9d983","Windows 10 1809","662d7739-9efe-435e-8a55-c3a76db9d983"
"Windows 10 1809","23.12.18.1","","Windows 10","1809","x86","Optional","3/9/2021 10:02:06 PM","4589208","4589208","2021-01 Update for Windows 10 Version 1809 for x86-based Systems (KB4589208)","cfe783ec-4ca8-4c7b-a779-afba28751936","KB4589208-Windows10Rs5Client-RTM-X86-TSL-World","SelfContained","Windows10.0-KB4589208-v2-x86.cab","3275888","Microsoft","Windows","Windows 10 Windows 10 LTSB","Updates","Unspecified","","Software","Published","False","False","Ready","True","False","False","False","False","False","True","False","False","False","MicrosoftUpdate","https://support.microsoft.com/help/4589208","Install this update to resolve issues in Windows. For a complete listing of the issues that are included in this update, see the associated Microsoft Knowledge Base article for more information. After you install this item, you may have to restart your computer.","","http://download.windowsupdate.com/c/msdownload/update/software/updt/2021/01/windows10.0-kb4589208-v2-x86_6563718ac93d567df2f572b5d0bb44f8720ab7de.cab","http://download.windowsupdate.com/c/msdownload/update/software/updt/2021/01/windows10.0-kb4589208-v2-x86_6563718ac93d567df2f572b5d0bb44f8720ab7de.cab","101 99 113 138 201 61 86 125 242 245 114 181 208 187 68 248 114 10 183 222","169 180 172 197 47 116 40 76 17 138 53 3 117 243 6 154 71 135 183 57 176 224 226 221 42 117 43 24 42 5 141 21","","","fb83b2db-700f-452c-b6af-54e38e2d336d","Windows 10 1809","fb83b2db-700f-452c-b6af-54e38e2d336d"
"Windows 10 1809","23.12.18.1","","Windows 10","1809","x64","SSU","8/10/2021 5:00:06 PM","5005112","5005112","2021-08 Servicing Stack Update for Windows 10 Version 1809 for x64-based Systems (KB5005112)","2aa60267-ea74-4beb-9da4-bcb3da165726","KB5005112-Windows10Rs5Client-RTM-ServicingStackUpdate-X64-TSL-World","SelfContained","Windows10.0-KB5005112-x64.cab","14341636","Microsoft","Windows","Windows 10 Windows 10 LTSB","Security Updates","Critical","","Software","Published","False","False","Ready","True","False","False","False","False","False","True","False","False","False","MicrosoftUpdate","https://support.microsoft.com/help/5005112","Install this update to resolve issues in Windows. For a complete listing of the issues that are included in this update, see the associated Microsoft Knowledge Base article for more information. After you install this item, you may have to restart your computer.","","http://download.windowsupdate.com/d/msdownload/update/software/secu/2021/08/windows10.0-kb5005112-x64_99919606d4632b1f4b9bd4bff48a363739776047.cab","http://download.windowsupdate.com/d/msdownload/update/software/secu/2021/08/windows10.0-kb5005112-x64_99919606d4632b1f4b9bd4bff48a363739776047.cab","153 145 150 6 212 99 43 31 75 155 212 191 244 138 54 55 57 119 96 71","42 47 73 212 201 74 92 125 157 3 15 123 130 173 122 100 102 230 202 45 78 37 22 242 119 100 151 25 102 149 61 81","","","608e42ff-fe1e-4bd5-acf7-51dbb7ee521e","Windows 10 1809","608e42ff-fe1e-4bd5-acf7-51dbb7ee521e"
"Windows 10 1809","23.12.18.1","","Windows 10","1809","x86","SSU","8/10/2021 5:00:06 PM","5005112","5005112","2021-08 Servicing Stack Update for Windows 10 Version 1809 for x86-based Systems (KB5005112)","68a3ced4-d2df-4e53-8f09-e679fd07f68c","KB5005112-Windows10Rs5Client-RTM-ServicingStackUpdate-X86-TSL-World","SelfContained","Windows10.0-KB5005112-x86.cab","6366684","Microsoft","Windows","Windows 10 Windows 10 LTSB","Security Updates","Critical","","Software","Published","False","False","Ready","True","False","False","False","False","False","True","False","False","False","MicrosoftUpdate","https://support.microsoft.com/help/5005112","Install this update to resolve issues in Windows. For a complete listing of the issues that are included in this update, see the associated Microsoft Knowledge Base article for more information. After you install this item, you may have to restart your computer.","","http://download.windowsupdate.com/c/msdownload/update/software/secu/2021/08/windows10.0-kb5005112-x86_14a1b3ca87388ea9c3fa76130e7566c831c2e38b.cab","http://download.windowsupdate.com/c/msdownload/update/software/secu/2021/08/windows10.0-kb5005112-x86_14a1b3ca87388ea9c3fa76130e7566c831c2e38b.cab","20 161 179 202 135 56 142 169 195 250 118 19 14 117 102 200 49 194 227 139","145 205 126 40 175 107 200 84 242 248 152 244 67 71 167 55 65 123 156 7 203 167 243 78 125 84 137 125 134 181 54 132","","","ae1ac3ff-8be0-4358-b388-decb27e921b5","Windows 10 1809","ae1ac3ff-8be0-4358-b388-decb27e921b5"
"Windows 10 1809","23.12.18.1","","Windows 10","1809","x64","Optional","8/9/2022 5:00:08 PM","5012170","5012170","2022-08 Security Update for Windows 10 Version 1809 for x64-based Systems (KB5012170)","222418e7-6264-4030-8e99-5a6822f2aa34","KB5012170-Windows10Rs5Client-RTM-StandaloneSecurity-X64-TSL-World","SelfContained","Windows10.0-KB5012170-x64.cab","78165","Microsoft","Windows","Windows 10 LTSB","Security Updates","Critical","","Software","Published","False","False","Ready","True","False","False","False","False","False","False","False","False","False","MicrosoftUpdate","https://support.microsoft.com/help/5012170","A security issue has been identified in a Microsoft software product that could affect your system. You can help protect your system by installing this update from Microsoft. For a complete listing of the issues that are included in this update, see the associated Microsoft Knowledge Base article. After you install this update, you may have to restart your system.","","http://download.windowsupdate.com/d/msdownload/update/software/secu/2022/08/windows10.0-kb5012170-x64_fd1b614b28362d0005952bf5e5d3746bba3f4421.cab","http://download.windowsupdate.com/d/msdownload/update/software/secu/2022/08/windows10.0-kb5012170-x64_fd1b614b28362d0005952bf5e5d3746bba3f4421.cab","253 27 97 75 40 54 45 0 5 149 43 245 229 211 116 107 186 63 68 33","99 182 93 5 190 11 182 90 138 103 154 2 40 238 188 219 73 88 72 51 147 181 40 191 251 29 90 246 178 124 131 165","","","6d8658e2-d3ed-460f-9a0b-0f49f1fcef79","Windows 10 1809","6d8658e2-d3ed-460f-9a0b-0f49f1fcef79"
"Windows 10 1809","23.12.18.1","","Windows 10","1809","x86","Optional","8/9/2022 5:00:17 PM","5012170","5012170","2022-08 Security Update for Windows 10 Version 1809 for x86-based Systems (KB5012170)","96cdbf5b-ad59-49b2-9a04-8eac985d4c45","KB5012170-Windows10Rs5Client-RTM-StandaloneSecurity-X86-TSL-World","SelfContained","Windows10.0-KB5012170-x86.cab","66331","Microsoft","Windows","Windows 10 LTSB","Security Updates","Critical","","Software","Published","False","False","Ready","True","False","False","False","False","False","False","False","False","False","MicrosoftUpdate","https://support.microsoft.com/help/5012170","A security issue has been identified in a Microsoft software product that could affect your system. You can help protect your system by installing this update from Microsoft. For a complete listing of the issues that are included in this update, see the associated Microsoft Knowledge Base article. After you install this update, you may have to restart your system.","","http://download.windowsupdate.com/d/msdownload/update/software/secu/2022/08/windows10.0-kb5012170-x86_56a68cdfaf0c5c11bea5d7d49048cd4e43b00084.cab","http://download.windowsupdate.com/d/msdownload/update/software/secu/2022/08/windows10.0-kb5012170-x86_56a68cdfaf0c5c11bea5d7d49048cd4e43b00084.cab","86 166 140 223 175 12 92 17 190 165 215 212 144 72 205 78 67 176 0 132","197 81 42 197 178 86 150 30 73 51 102 12 217 0 98 177 250 160 120 210 208 159 228 99 165 194 4 82 133 237 31 49","","","a23edfd0-8a3b-44b2-a8a4-46593640dc04","Windows 10 1809","a23edfd0-8a3b-44b2-a8a4-46593640dc04"
"Windows 10 1809","23.12.18.1","","Windows 10","1809","x86","DotNetCU","11/14/2023 6:00:00 PM","5032337","5031990","2023-11 Cumulative Update for .NET Framework 3.5 4.7.2 and 4.8 for Windows 10 Version 1809 (KB5032337)","88fb7c02-20d8-46d2-b238-76dfb0e0d667","KB5032337-DotNetCumulative-RS5-Client-x86-Retail","SelfContained","Windows10.0-KB5031990-x86-NDP48.cab","49612490","Microsoft","Windows","Windows 10 Windows 10 LTSB","Security Updates","Important","","Software","Published","False","False","Ready","True","False","False","False","False","False","True","False","False","False","MicrosoftUpdate","http://support.microsoft.com/kb/5032337","A security issue has been identified in a Microsoft software product that could affect your system. You can help protect your system by installing this update from Microsoft. For a complete listing of the issues that are included in this update, see the associated Microsoft Knowledge Base article. After you install this update, you may have to restart your system.","","http://download.windowsupdate.com/d/msdownload/update/software/secu/2023/11/windows10.0-kb5031990-x86-ndp48_5437c333846815b2247e6636647397c570f7315a.cab","http://download.windowsupdate.com/d/msdownload/update/software/secu/2023/11/windows10.0-kb5031990-x86-ndp48_5437c333846815b2247e6636647397c570f7315a.cab","84 55 195 51 132 104 21 178 36 126 102 54 100 115 151 197 112 247 49 90","34 179 80 69 35 164 240 65 6 203 173 53 253 200 108 115 216 200 113 32 12 118 207 190 12 93 80 155 243 180 18 70","","","d9ed41cf-2e3c-4d1d-bab1-bf2bb8659fb1","Windows 10 1809","d9ed41cf-2e3c-4d1d-bab1-bf2bb8659fb1"
"Windows 10 1809","23.12.18.1","","Windows 10","1809","x86","DotNetCU","11/14/2023 6:00:00 PM","5032337","5031984","2023-11 Cumulative Update for .NET Framework 3.5 4.7.2 and 4.8 for Windows 10 Version 1809 (KB5032337)","88fb7c02-20d8-46d2-b238-76dfb0e0d667","KB5032337-DotNetCumulative-RS5-Client-x86-Retail","SelfContained","Windows10.0-KB5031984-x86.cab","46326664","Microsoft","Windows","Windows 10 Windows 10 LTSB","Security Updates","Important","","Software","Published","False","False","Ready","True","False","False","False","False","False","True","False","False","False","MicrosoftUpdate","http://support.microsoft.com/kb/5032337","A security issue has been identified in a Microsoft software product that could affect your system. You can help protect your system by installing this update from Microsoft. For a complete listing of the issues that are included in this update, see the associated Microsoft Knowledge Base article. After you install this update, you may have to restart your system.","","http://download.windowsupdate.com/d/msdownload/update/software/secu/2023/11/windows10.0-kb5031984-x86_25249776b3d24914d73de88082b5025a8b40fcc7.cab","http://download.windowsupdate.com/d/msdownload/update/software/secu/2023/11/windows10.0-kb5031984-x86_25249776b3d24914d73de88082b5025a8b40fcc7.cab","37 36 151 118 179 210 73 20 215 61 232 128 130 181 2 90 139 64 252 199","183 252 18 146 163 59 221 144 74 236 135 226 179 232 35 231 168 169 192 94 172 192 237 68 81 11 50 22 43 81 248 130","","","7b0ea38c-cd9c-45a9-9e5c-6241821ab3a2","Windows 10 1809","7b0ea38c-cd9c-45a9-9e5c-6241821ab3a2"
"Windows 10 1809","23.12.18.1","","Windows 10","1809","x64","DotNetCU","11/14/2023 6:00:00 PM","5032337","5031984","2023-11 Cumulative Update for .NET Framework 3.5 4.7.2 and 4.8 for Windows 10 Version 1809 for x64 (KB5032337)","c834ec9c-eb06-4ba8-b05e-1f8c74b83bb3","KB5032337-DotNetCumulative-RS5-Client-x64-Retail","SelfContained","Windows10.0-KB5031984-x64.cab","81659434","Microsoft","Windows","Windows 10 Windows 10 LTSB","Security Updates","Important","","Software","Published","False","False","Ready","True","False","False","False","False","False","True","False","False","False","MicrosoftUpdate","http://support.microsoft.com/kb/5032337","A security issue has been identified in a Microsoft software product that could affect your system. You can help protect your system by installing this update from Microsoft. For a complete listing of the issues that are included in this update, see the associated Microsoft Knowledge Base article. After you install this update, you may have to restart your system.","","http://download.windowsupdate.com/d/msdownload/update/software/secu/2023/11/windows10.0-kb5031984-x64_41140f4b7a6b777b7f9c40ef1393f7ceb26a19b6.cab","http://download.windowsupdate.com/d/msdownload/update/software/secu/2023/11/windows10.0-kb5031984-x64_41140f4b7a6b777b7f9c40ef1393f7ceb26a19b6.cab","65 20 15 75 122 107 119 123 127 156 64 239 19 147 247 206 178 106 25 182","28 200 22 13 46 68 185 82 18 190 223 207 182 100 73 220 132 12 203 82 101 233 66 98 152 111 199 119 16 219 244 93","","","571ef746-14ca-4fd3-bc4a-f9dd97e604d8","Windows 10 1809","571ef746-14ca-4fd3-bc4a-f9dd97e604d8"
"Windows 10 1809","23.12.18.1","","Windows 10","1809","x64","DotNetCU","11/14/2023 6:00:00 PM","5032337","5031990","2023-11 Cumulative Update for .NET Framework 3.5 4.7.2 and 4.8 for Windows 10 Version 1809 for x64 (KB5032337)","c834ec9c-eb06-4ba8-b05e-1f8c74b83bb3","KB5032337-DotNetCumulative-RS5-Client-x64-Retail","SelfContained","Windows10.0-KB5031990-x64-NDP48.cab","83516726","Microsoft","Windows","Windows 10 Windows 10 LTSB","Security Updates","Important","","Software","Published","False","False","Ready","True","False","False","False","False","False","True","False","False","False","MicrosoftUpdate","http://support.microsoft.com/kb/5032337","A security issue has been identified in a Microsoft software product that could affect your system. You can help protect your system by installing this update from Microsoft. For a complete listing of the issues that are included in this update, see the associated Microsoft Knowledge Base article. After you install this update, you may have to restart your system.","","http://download.windowsupdate.com/d/msdownload/update/software/secu/2023/11/windows10.0-kb5031990-x64-ndp48_70f0d0a011a554f84efccd08f4f67e50569357eb.cab","http://download.windowsupdate.com/d/msdownload/update/software/secu/2023/11/windows10.0-kb5031990-x64-ndp48_70f0d0a011a554f84efccd08f4f67e50569357eb.cab","112 240 208 160 17 165 84 248 78 252 205 8 244 246 126 80 86 147 87 235","105 151 195 20 82 184 134 163 225 158 63 61 75 183 199 5 45 238 252 160 68 135 233 209 140 232 189 163 8 44 165 208","","","46bfba3a-a19a-4751-9abe-ec1e126d8313","Windows 10 1809","46bfba3a-a19a-4751-9abe-ec1e126d8313"
"Windows 10 1809","23.12.18.1","","Windows 10","1809","x64","LCU","12/12/2023 6:00:00 PM","5033371","5033371","2023-12 Cumulative Update for Windows 10 Version 1809 for x64-based Systems (KB5033371)","781c4ffa-e189-4b69-bb3a-77ac63bdba8a","KB5033371-UnifiedCumulative-RS5-Client-x64-Retail","SelfContained","Windows10.0-KB5033371-x64.cab","635778336","Microsoft","Windows","Windows 10 LTSB","Security Updates","Critical","","Software","Published","False","False","Ready","True","False","False","False","False","False","True","False","False","False","MicrosoftUpdate","https://support.microsoft.com/help/5033371","A security issue has been identified in a Microsoft software product that could affect your system. You can help protect your system by installing this update from Microsoft. For a complete listing of the issues that are included in this update, see the associated Microsoft Knowledge Base article. After you install this update, you may have to restart your system.","","http://download.windowsupdate.com/d/msdownload/update/software/secu/2023/12/windows10.0-kb5033371-x64_fe0bbfe320ac86c0a5c485bc25ec1b8e08534d55.cab","http://download.windowsupdate.com/d/msdownload/update/software/secu/2023/12/windows10.0-kb5033371-x64_fe0bbfe320ac86c0a5c485bc25ec1b8e08534d55.cab","254 11 191 227 32 172 134 192 165 196 133 188 37 236 27 142 8 83 77 85","5 196 128 185 249 165 164 136 79 102 217 20 183 45 174 68 180 55 60 3 232 56 165 175 183 150 100 239 1 10 190 141","","","ca2d2e36-f33e-4eb3-a615-605b31cf094b","Windows 10 1809","ca2d2e36-f33e-4eb3-a615-605b31cf094b"
"Windows 10 1809","23.12.18.1","","Windows 10","1809","x86","LCU","12/12/2023 6:00:00 PM","5033371","5033371","2023-12 Cumulative Update for Windows 10 Version 1809 for x86-based Systems (KB5033371)","59129683-9d2c-472a-9395-ecd9ab4287b2","KB5033371-UnifiedCumulative-RS5-Client-x86-Retail","SelfContained","Windows10.0-KB5033371-x86.cab","352133980","Microsoft","Windows","Windows 10 LTSB","Security Updates","Critical","","Software","Published","False","False","Ready","True","False","False","False","False","False","True","False","False","False","MicrosoftUpdate","https://support.microsoft.com/help/5033371","A security issue has been identified in a Microsoft software product that could affect your system. You can help protect your system by installing this update from Microsoft. For a complete listing of the issues that are included in this update, see the associated Microsoft Knowledge Base article. After you install this update, you may have to restart your system.","","http://download.windowsupdate.com/d/msdownload/update/software/secu/2023/12/windows10.0-kb5033371-x86_e0cd0f5a889b3ea3e3a524d4037ee6b7bb799fea.cab","http://download.windowsupdate.com/d/msdownload/update/software/secu/2023/12/windows10.0-kb5033371-x86_e0cd0f5a889b3ea3e3a524d4037ee6b7bb799fea.cab","224 205 15 90 136 155 62 163 227 165 36 212 3 126 230 183 187 121 159 234","62 18 137 248 151 44 218 235 115 54 208 162 48 76 48 121 50 119 5 57 48 53 65 48 47 63 167 110 189 102 11 102","","","fd0db42a-7c3e-425a-9df6-54b99fffbab5","Windows 10 1809","fd0db42a-7c3e-425a-9df6-54b99fffbab5"
